,time_range,year,area_naive,area_tpi,sst_mean_overall,sst_mean_coast,sst_mean_upwelling_naive,sst_mean_upwelling_tpi,chl_mean_overall,chl_mean_coast,chl_mean_upwelling_naive,chl_mean_upwelling_tpi
0,2015010120150108,2015,9408.4352,3380.1472,15.293042677129872,15.077942900933813,12.547179766871869,12.478055837779449,0.574376542999398,0.7169760093849821,2.834191600051664,2.697872354803219
1,2015010920150116,2015,10786.3296,2152.96,15.074391346128577,14.868226546147051,12.770024993190253,12.841926556174549,0.49814586574016007,0.5886149468081371,1.932962656411779,1.6125002300297622
2,2015011720150124,2015,20087.1168,430.592,14.953356173704103,14.835961657991877,12.585106102104255,12.38949771230725,0.6401941539935531,0.848798918788728,1.072102910273477,2.46919754626119
3,2015012520150201,2015,17159.0912,990.3616,15.218605402605952,15.062207560552167,12.687887720367447,13.757608387692313,0.5622822400285551,0.7370187220316841,1.090424275896468,0.9072117896122751
4,2015020220150209,2015,28289.894399999997,3703.0912,14.947971809934486,14.786519845674519,12.441031609133148,12.967428630144552,0.38293718534353405,0.46311442855218604,0.42633191208132004,0.713381917318318
5,2015021020150217,2015,8827.135999999999,1507.072,15.38055439144293,15.377983869464614,12.631147999174866,13.086483583520172,0.5541062174543231,0.715983648922022,0.765293360134987,1.7913719962216832
6,2015021820150225,2015,31906.867199999997,4155.212799999999,14.770993376734294,14.550238923079784,12.749313151628522,13.437460840122318,0.504804103279775,0.5982491488642301,1.2603196184646261,0.250982583971379
7,2015022620150305,2015,55008.128,2712.7295999999997,14.723329809725158,14.54205326236755,12.324079998746326,12.5538887058373,0.6745938905962401,0.900945245670779,1.433062024087648,3.41189565992387
8,2015030620150313,2015,23208.908799999997,7879.833599999999,15.210581181149823,15.207621944041088,12.19446719241215,12.91294187498097,1.0706027611795421,1.690691111082721,6.060434927168208,5.664467019830418
9,2015031420150321,2015,39420.6976,7018.6496,15.070407331326207,15.005173136149965,12.642149342030308,13.553644641946528,0.602483736213943,0.838040028326093,2.088456981635541,2.429499699310805
10,2015032220150329,2015,49410.43199999999,10097.382399999999,15.04571254624597,14.800374971834112,12.418907808500311,12.519992340737698,0.57658644676502,0.8282563063707781,1.3618384673343331,1.5365520934485821
11,2015033020150406,2015,115592.4224,21658.777599999998,14.365164083828356,13.953870665849157,12.0427178462576,11.530984348150731,0.8224254387659871,1.180154207623725,1.814004180689862,2.113714554161994
12,2015040720150414,2015,55158.835199999994,12917.759999999998,14.763190687310013,14.321471618831724,12.284672559944067,12.666323129752087,1.168465983787526,1.84863982372204,6.930012655602011,7.163390259478877
13,2015041520150422,2015,110812.85119999999,18515.456,14.30913810590171,13.83807654327593,11.530604124849864,11.436697465005272,1.4143032818496581,1.818055961356802,3.697529985295929,3.566244874528789
14,2015042320150430,2015,117573.14559999999,12379.519999999999,14.260405826353058,13.751966219095715,11.675361960008225,12.406778748534672,1.097107256638741,1.5747372003925162,3.338182545434789,3.091923789067692
15,2015050120150508,2015,144183.73119999998,11755.1616,13.694071988386533,13.234490299544593,11.459017294333774,12.21208320997757,1.9662796896986272,2.3221470744026362,3.564828019881647,2.877794843129387
16,2015050920150516,2015,121340.8256,12788.5824,14.037024424911136,13.526612012909174,11.695422324696102,11.088067707717137,1.037572868050803,1.515319557718792,3.078485215683433,4.7259849536540095
17,2015051720150524,2015,90445.84959999999,9731.3792,14.654670702024003,13.901801850344611,11.860749393622335,10.967681452802648,0.679922599110615,0.9939831233975461,1.400701192188817,2.07360877078299
18,2015052520150601,2015,83513.31839999999,37332.3264,14.084575762687523,13.495053469490875,10.412284864719354,10.200144440573492,0.48019004721622505,0.581977214178456,0.9892854119762581,1.561795019345638
19,2015060220150609,2015,72167.21919999999,26955.0592,14.94854484726373,14.404063699833593,11.932723540745313,11.741141949910311,0.8088976388623741,1.14463646080228,2.606757599329279,1.198910378670489
20,2015061020150617,2015,77355.8528,33844.5312,15.109864438026129,14.33075100874707,12.105031914065743,12.920602473790186,0.5804386394945,0.8120422629783121,1.770718670798631,0.6756653383401191
21,2015061820150625,2015,30421.3248,16104.1408,16.171969729259967,15.610184454094382,12.363284544287803,13.491795536969748,0.845340989398292,1.284671428538587,2.385116254439594,2.973415267372377
22,2015062620150703,2015,68744.0128,45319.808,15.463960466740835,14.635433421717872,12.14207534615183,12.804166753651034,0.419617075914584,0.8456176637062901,5.423693029795491,2.412824798598802
23,2015070420150711,2015,11023.1552,44221.7984,18.021576366278676,17.55682983007214,12.628588928860315,14.234955485235998,0.315339216227349,0.443922111200924,0.45323514987201,1.1701006797473221
24,2015071220150719,2015,6889.472,33521.587199999994,18.157085932084165,17.446865010825494,12.561102091808518,15.049400578388076,0.6346811328254031,0.8340948781170551,4.009156034693579,1.37752368540323
25,2015072020150727,2015,1614.7199999999998,9688.32,18.32066206477508,17.984682301347586,12.618923059031683,15.2804639006023,0.5047980230726881,0.750585626810593,4.866076338259981,2.476110095995092
26,2015072820150804,2015,1937.6639999999998,21206.656,19.203647224542184,18.72102247642332,12.483453872790035,15.976007251365772,0.46599227150688804,0.665113903482288,5.048237989402851,2.352833903415772
27,2015080520150812,2015,150.7072,11884.339199999999,19.25325457218486,18.807501461834338,12.015001815140113,16.220944589416934,0.402687708704941,0.514027795963904,1.070513955540338,1.365211906563261
28,2015081320150820,2015,193.76639999999998,16405.5552,19.175353300724733,18.5985209012436,12.886696186323936,16.59760945028548,0.502241339578765,0.694374680391449,0.8162706137587361,1.228747472625097
29,2015082120150828,2015,2325.1967999999997,15802.7264,19.291947767286903,18.77997320069951,12.235433735631892,15.454037386698515,0.379183312926666,0.46562974074954205,0.715290883160389,1.104120666492176
30,2015082920150905,2015,624.3584,12960.8192,19.160286121470268,18.5014486379359,12.485510532482607,15.373989524506953,0.6241129487738221,0.953083460522919,4.770859672279434,5.414630456951559
31,2015090620150913,2015,2066.8415999999997,15393.663999999999,18.737728698745627,18.32518693182091,12.379311654596304,15.207131018600824,0.9472859440804381,1.224547946251006,3.078386409671107,3.5871002339126603
32,2015091420150921,2015,559.7696,11841.279999999999,18.902195032653747,18.590247079004563,12.78542872250099,15.132332077995544,0.602819852774377,0.871418581886596,1.752918189782093,2.784722025214264
33,2015092220150929,2015,2131.4303999999997,12379.519999999999,18.77203791809485,18.530548049966008,12.60373190434603,14.728191245670514,0.717181301375292,1.02507452937495,6.061837138725464,3.583434598637959
34,2015093020151007,2015,5188.633599999999,10205.0304,18.34947252738981,18.08869583763029,12.653903560113163,14.361350543651893,0.666270508402235,0.9429719605190161,4.7685872940778875,2.69455746438534
35,2015100820151015,2015,0.0,8977.8432,18.840209703906773,18.6140790400241,,15.728703470664167,0.565123627808359,0.8030678619675461,,2.83874036636983
36,2015101620151023,2015,0.0,9408.4352,18.287958379111377,18.062416150145214,,16.70473241163571,0.5027228364628741,0.6863950527072481,,1.422408735129017
37,2015102420151031,2015,43.0592,7126.2976,18.075128908011287,17.937727598906715,12.325079912474413,15.631388607754339,0.5227708683300331,0.6954143136906431,,2.887636442367104
38,2015110120151108,2015,2196.0191999999997,8202.7776,17.266011157503932,16.90437878772225,12.661967556879427,14.767147580715456,0.616842102094948,0.8551492582757171,2.079300120711916,2.331665877230922
39,2015110920151116,2015,7190.886399999999,4908.748799999999,16.47380115590239,16.121189566750935,12.485429406931987,13.412647286423022,0.7938561212124321,1.153213769296048,10.04097775952656,5.784283814786143
40,2015111720151124,2015,25641.7536,8633.3696,15.831771124208661,15.403347820393655,12.310320878010199,12.379678714120404,0.7807992307413181,1.110716165368986,3.743097697802341,3.159843510171478
41,2015112520151202,2015,29581.6704,4542.745599999999,15.401256458613958,15.080925844305328,12.355554428172983,12.367517079151705,0.6371003441873181,0.8311716783365831,2.633208446826104,2.96254265742381
42,2015120320151210,2015,45707.3408,10054.323199999999,15.202231834550615,14.93232035319146,12.450494112905938,12.314146285580513,0.5644723914257951,0.678359107036968,1.609111559984091,1.9605724380715261
43,2015121120151218,2015,52618.342399999994,1873.0751999999998,14.775706818970386,14.561812709981833,12.555566236249252,12.684628363854014,0.5209833403898061,0.644888409788373,1.080121814318146,1.5413421538340462
44,2015121920151226,2015,69626.7264,3294.0287999999996,14.350122938719197,14.200104824292687,12.276447089785261,12.78309794431306,0.592182599294912,0.7510825759693971,1.090941536610104,1.307738800233761
45,2015122720151231,2015,92727.98719999999,2131.4303999999997,13.787794931673096,13.708581683491287,12.230889660999203,11.389939517755003,0.605954916307032,0.7368550455730141,0.9484219354926531,3.483546287268757
46,2016010120160108,2016,105817.984,2368.256,13.659966059889408,13.458970962623754,12.26542498698506,11.699478914790877,0.5500084845317861,0.668853788661088,0.8366803830016121,3.3780870744682723
47,2016010920160116,2016,91845.2736,4585.8048,13.828582475928815,13.588510449381248,12.204394424690225,11.990563083969013,0.628728543521272,0.745256834516668,0.7210881298111581,2.131605668457835
48,2016011720160124,2016,81532.5952,3100.2623999999996,13.7626988186762,13.652843325860063,12.350629209444593,12.037459620758147,0.510359128164246,0.6209169061561971,0.585053805961259,0.580801173335549
49,2016012520160201,2016,102717.72159999999,3573.9136,13.795481757026245,13.559433732441349,12.438806518661881,11.835508660479796,0.548686059195102,0.7228970227354231,0.8512588170973261,0.727651875373107
50,2016020220160209,2016,36341.964799999994,1076.48,14.184226408631938,14.056959677522144,12.699413988546286,12.620358774217461,0.6562099079764311,0.8792346340195271,1.124409669858033,1.7126656673225011
51,2016021020160217,2016,50723.73759999999,3724.6207999999997,14.272503931128526,14.213845624377404,12.126647373253988,11.660913670858177,0.5834281484012851,0.81116346699328,1.122067071184108,1.4651517179702491
52,2016021820160225,2016,77894.0928,2669.6704,14.036738752365851,13.973396109946238,12.314321208655059,11.4119202281467,0.618266794264211,0.81091967716136,0.914133082798216,0.761545973703978
53,2016022620160304,2016,45039.9232,5253.2224,14.730824730934371,14.480841805136917,12.528045628649705,12.68321471695144,0.43033280724709805,0.577883508595994,0.690128725998386,0.810521027227026
54,2016030520160312,2016,94127.41119999999,1485.5423999999998,13.914828755730497,13.794084667437179,12.471630029593465,12.745981561345491,0.41501537251993004,0.5520969710071171,0.6046295980509631,1.173045509091701
55,2016031320160320,2016,49991.731199999995,1119.5392,14.285982932092008,14.2002564698002,12.465159002637874,13.528354772920586,0.65175981497016,0.8953647550765461,0.9557249370971911,2.087971399181998
56,2016032120160328,2016,88465.1264,6824.883199999999,14.135742199374867,13.883550153759593,12.409309073898562,12.145497164402014,0.6987664657256171,1.020111305103423,1.203001458894007,1.964008133617469
57,2016032920160405,2016,87948.416,8418.0736,14.22572771991395,13.715152922947528,12.301862661363755,11.27965306851339,1.10223276626325,1.732220411153493,3.203025244227438,4.549565509193397
58,2016040620160413,2016,20431.590399999997,12637.875199999999,14.91021981919799,14.69797905864777,12.483998129043782,12.647678289158153,0.9047355908855501,1.394936014581758,7.935698847402737,5.225798927707844
59,2016041420160421,2016,39205.4016,10334.207999999999,15.013947079306556,14.57486126575971,12.27942881395609,12.167312970170986,0.603392014927008,0.9013106817404961,1.721753677671511,2.226683002193585
60,2016042220160429,2016,77506.56,17029.9136,14.62047399740821,14.040706902913135,12.109114705057493,11.635791130529398,0.48678061618303103,0.691382049065408,0.871398338114283,1.174940965451265
61,2016043020160507,2016,55804.72319999999,23467.264,14.434791335457506,14.124370080477275,12.010513568604377,11.912492829510287,0.9329089283142611,1.230279598767754,1.553940339379348,1.30346209743973
62,2016050820160515,2016,61639.24479999999,10678.6816,15.004966501337135,14.389042753998904,12.166433338600056,12.963722612882425,0.7575671681431491,1.290946860689529,2.901545707514205,1.82790842832776
63,2016051620160523,2016,73889.5872,10915.5072,14.528896002778922,14.154239296163686,11.929166520078287,11.583938381977811,0.8945180278985401,1.275179022236502,3.010624733378482,2.210142851700603
64,2016052420160531,2016,90036.78719999999,28720.486399999998,14.50995853268771,14.062292584407917,12.074702681843798,11.506150426967446,1.146390134355873,1.707067115019323,3.9290291040724323,5.626680604259767
65,2016060120160608,2016,74104.8832,46676.1728,14.322036986949527,13.865801693538478,11.963464095517747,12.002807339860642,1.288576854817739,1.924375222280724,4.448959416618513,2.036102234637297
66,2016060920160616,2016,28505.1904,11303.039999999999,15.466106004291632,14.946634734582833,12.401410915825963,12.596811680938542,0.7696941825168461,1.226122958651584,2.961007436986792,2.836198972039576
67,2016061720160624,2016,13628.236799999999,15673.548799999999,16.178354175990552,15.688917873320479,12.160818140940945,13.418816598296257,0.9418112446550491,1.49288954340687,6.406702342146108,5.054282607187549
68,2016062520160702,2016,49733.376,15759.667199999998,16.007664365117854,15.335634822934079,12.088338368546982,13.108335309741177,1.350119116288684,2.208249841559359,4.473587649231486,4.754970730950691
69,2016070320160710,2016,34167.4752,25211.1616,16.35864748397021,15.761831911229415,11.863373583280996,13.264301942449064,0.8557568851859391,1.520535769726322,6.270086535896114,3.5287639937555193
70,2016071120160718,2016,26739.763199999998,19010.6368,16.193993718655367,15.640354780267732,12.322510919211638,13.360873171552251,0.894738447140177,1.18274311493,3.461196173674643,3.20072251224369
71,2016071920160726,2016,12487.168,20065.587199999998,16.97401339866839,16.36568740146292,12.34015477144225,14.57136625337858,0.9252213468787671,1.418866651591468,7.990647241715382,4.021531077313821
72,2016072720160803,2016,72985.344,28074.5984,15.542672567125003,15.070622325158498,12.32782757266982,13.257324291418744,0.9747224574400101,1.529531672673865,2.146875009473272,1.091108728631046
73,2016080420160811,2016,62048.307199999996,29689.318399999996,15.865545299524747,15.381166738912361,12.247181357232677,12.80225893204792,1.048540561786082,1.497852981366121,3.620763282314702,1.207727703720229
74,2016081220160819,2016,81338.82879999999,23144.32,15.520049676147755,15.174548874078944,12.039791072804634,12.943501909804944,0.707864084201354,1.027510390252323,1.20769862321804,2.202660957979263
75,2016082020160827,2016,41401.4208,34404.3008,17.30260993209206,16.473249409398527,12.159816147462267,13.114939741146774,0.402560671627946,0.577381066432742,0.44129141117375303,1.1781798051644081
76,2016082820160904,2016,904.2431999999999,9860.556799999998,17.360305970916478,16.820662403137117,12.67361291268597,15.380751379280147,0.6753493667131061,1.008499379072763,1.302157761528575,2.264103679753191
77,2016090520160912,2016,28010.009599999998,16211.788799999998,16.616745333890385,15.9525281112087,12.261482406421015,13.892375947671514,0.9870574413893771,1.363155172944343,2.136043349274408,2.350927181773936
78,2016091320160920,2016,16125.670399999999,6071.347199999999,17.18341516787794,16.606440282250485,12.53359517270316,15.165974430606969,0.72149140943095,1.093692196585959,1.577149930976018,1.827510130275293
79,2016092120160928,2016,18127.923199999997,9150.08,17.191631763878863,16.583041857186696,12.532740001350332,14.165453661956038,0.767378717040012,1.15122903679475,1.363946260886158,2.736885185481932
80,2016092920161006,2016,20905.241599999998,8827.135999999999,16.7370785602821,16.066132014165937,12.430978298895383,14.058932372229235,0.8951472812944271,1.383325186101287,2.339410978553824,5.341004176620641
81,2016100720161014,2016,10937.0368,13046.9376,16.864929458897866,16.239793966002438,12.42033750048756,14.184322191005855,0.878629172272229,1.32149470285297,1.296761062777609,3.2765890021975608
82,2016101520161022,2016,1786.9568,4671.923199999999,17.079913706110236,16.509598128893344,12.723584095072193,14.68973879791399,0.8013150486223081,1.200227134068134,1.059473925138209,2.30851616354397
83,2016102320161030,2016,516.7103999999999,3875.3279999999995,16.887927586735387,16.462263177719176,12.668687839732572,14.42845680651602,0.6194614004843391,0.9153864871346731,1.08852542374454,1.054668290964362
84,2016103120161107,2016,129.17759999999998,2282.1376,16.91045758919416,16.539589464842336,12.494122118137419,15.35876512762844,0.856897161944782,1.286110235159966,,2.112849964648604
85,2016110820161115,2016,0.0,1485.5423999999998,17.05574662190066,16.769105803297485,,14.593398698052425,0.8018886588962001,1.177756817671723,,2.316740061925328
86,2016111620161123,2016,193.76639999999998,2884.9664,16.282875212804782,15.966267665007758,12.559729188358427,14.229346006445391,0.793662822946792,1.188960332105545,0.862367128913314,3.134568995352902
87,2016112420161201,2016,3186.3808,1959.1935999999998,15.416452274147472,15.06123653397027,12.784261457899497,13.951799023682796,0.9572415407349161,1.3250573192819681,2.064238734143835,2.810723536745597
88,2016120220161209,2016,48377.01119999999,9257.728,14.78971398064905,14.276992907484846,12.259293707336473,12.007864058273082,1.1910737696005311,1.5735895418318782,1.418779281237304,1.825642570380547
89,2016121020161217,2016,94708.7104,6157.4655999999995,14.053878602673926,13.469776572606841,12.196397816404522,12.064316310624612,0.924919222447477,1.301513228134303,1.226085707442043,1.403617350546214
90,2016121820161225,2016,106463.87199999999,5812.991999999999,14.216799724956063,13.600050766029591,12.080263198860397,11.76170532355556,0.8296371372617971,1.165385751074788,1.29467971992815,1.3390819093379651
91,2016122620161231,2016,149501.54239999998,2282.1376,13.726905994875596,13.203452321625342,12.184607085541664,11.717640150329556,0.9753464285837411,1.369809943027036,1.737815663926162,1.343993308682471
92,2017010120170108,2017,177683.78879999998,6997.12,12.684295069899376,12.661739287570004,11.939888414790778,11.512751046633568,0.739045334213942,0.856345019509211,0.8958137051783881,1.313403726336658
93,2017010920170116,2017,170256.07679999998,1700.8383999999999,13.234703049787298,12.912584848476587,11.829008635297884,10.652495102270334,0.672535897796241,0.926433420789973,1.1618390096353,1.149593946571589
94,2017011720170124,2017,191096.7296,4693.4528,12.907943491655958,12.608948996665712,11.881706952981,11.15173737299388,0.595102159341799,0.8015306589405241,0.896493065062764,2.005614131342822
95,2017012520170201,2017,156627.84,516.7103999999999,13.241542624456654,13.004031865486562,11.80841668687677,10.34188551565077,0.732519588514823,0.9907726026943211,1.230391928990381,4.400241807393304
96,2017020220170209,2017,88874.18879999999,4564.2752,12.84694060824873,12.825821010192563,11.90810872031054,11.196748905122565,0.406938859963261,0.5219534684961,0.48600622813014105,0.524125885863382
97,2017021020170217,2017,141514.06079999998,2109.9008,13.440600674250497,13.310768321677513,12.135456807419734,12.729433518318261,0.6585343399005701,0.8908941767199581,1.062665341615017,0.551807783874218
98,2017021820170225,2017,155228.416,1313.3056,13.054178411571062,12.950117033552472,11.973797592297087,10.836598936882469,0.592808550081603,0.752623404007143,0.842328198117235,2.299908761467094
99,2017022620170305,2017,171956.9152,753.536,12.80873879311614,12.723913596614572,11.79537913054131,10.430825530673493,0.717336669280752,0.9891856196719611,1.130335941176992,1.748928962204971
100,2017030620170313,2017,137918.6176,4564.2752,13.28331620806444,13.165356824975829,12.031311848586187,11.614720581718894,1.1921531065382531,1.7148439841497831,1.41776085005141,3.527619972822158
101,2017031420170321,2017,87151.82079999999,8159.7184,13.810904214377297,13.641652263671949,12.045521640522228,12.479577870595515,0.6601955246224951,0.957602842653486,1.076293139046291,0.9878614472776511
102,2017032220170329,2017,109585.66399999999,1894.6047999999998,13.788970006063929,13.513750803869788,12.25938012156791,12.013939305114748,0.6154926149216761,0.847540259851244,0.9845376355897171,1.095250825304247
103,2017033020170406,2017,136411.54559999998,7018.6496,13.52539941231985,13.326820265198112,11.989672018353629,11.80606699847384,0.6396123333120071,0.902593335101026,0.8978406364797291,2.736255987624169
104,2017040720170414,2017,140265.34399999998,4413.567999999999,13.578702152861664,13.312207830988019,11.93910918608019,11.6938310831479,1.013317408181546,1.524733554626649,1.500178446012613,3.748291560924674
105,2017041520170422,2017,61122.5344,5382.4,14.71426495358704,14.261703682606807,12.3176824012711,13.366748610545255,0.8240443692888151,1.193392309566248,1.238526348241839,2.805912383821034
106,2017042320170430,2017,115269.47839999999,22046.3104,14.142089400822348,13.59483215832689,12.22064112820427,11.857187547237356,0.7459756662411461,1.170948650075616,1.5506838970412842,1.5764447333134841
107,2017050120170508,2017,111135.7952,16771.558399999998,14.246138341650404,13.755596100071553,11.937449942661248,12.434629805380979,1.378860675920791,2.00297682006283,2.656491438604307,2.006704875844462
108,2017050920170516,2017,142676.6592,10441.856,13.86884059055174,13.302817406075405,11.973616197236161,11.462267601694172,1.388595384531637,1.945717132991805,3.204354704482306,2.418065789780215
109,2017051720170524,2017,110080.84479999999,11604.454399999999,14.036987730695495,13.706037516688417,12.09032745401577,11.896748599351683,1.384552669551095,1.991620618216396,2.677329419599394,4.479293958530686
110,2017052520170601,2017,64029.030399999996,19032.1664,14.602312373512973,14.036171283515202,11.820450408219278,12.186306302619869,1.145229478932892,1.713729171074649,2.717549751518607,2.363557532686119
111,2017060220170609,2017,69174.6048,17611.212799999998,14.659654428821478,14.019802013092535,12.179725841771853,12.311688331113416,0.966477546602963,1.5046098272758481,2.9048619125228,1.917290687670628
112,2017061020170617,2017,35760.6656,13348.351999999999,15.281605052773525,14.799353775949369,12.208388466812389,12.257126254063913,1.155698022249245,1.829814035377396,6.469539961805455,5.404785462509169
113,2017061820170625,2017,32724.992,10937.0368,15.669198913405399,15.112113733407122,12.14648108114406,13.496196941553382,1.158759090633809,1.738001045545536,1.588933134670162,1.5202041261428532
114,2017062620170703,2017,43489.791999999994,39743.641599999995,15.947972186831716,15.614555823754932,12.021225023434003,12.526605485838639,0.906727705186344,1.194774668968874,2.75571489560378,2.088705344978045
115,2017070420170711,2017,15996.492799999998,18558.515199999998,16.484498845881223,16.18635512049131,12.445964973772952,13.71853070769352,1.221329237839465,1.612213218096592,3.99612276440158,3.342453861521298
116,2017071220170719,2017,24436.095999999998,25491.0464,16.598452623743995,16.21395971222684,12.282615813108043,13.648255088597505,1.132436266064375,1.631087941245181,4.515646947703304,2.282823624319381
117,2017072020170727,2017,14747.776,27170.355199999998,16.170847495090953,16.238165275058034,12.439547218013221,13.495261896890556,1.166312628094175,1.478472912529128,4.027585584368341,3.168189293042645
118,2017072820170804,2017,17804.979199999998,33801.471999999994,16.699038612675057,16.798122672795,12.36354649118629,14.001686357756114,1.063397925158813,1.283956858048547,2.351880332741599,1.320946270992483
119,2017080520170812,2017,86182.98879999999,38365.7472,15.020349178052673,15.220317299395886,12.443403734384932,13.57639289242276,1.053136550942857,0.8639830636504441,0.273761739389954,0.704570496279434
120,2017081320170820,2017,19505.8176,43016.140799999994,16.756260346721703,16.129556564580337,12.3542718862693,13.540083496683753,0.619978457173964,0.9472279550767491,0.85796214846157,1.06159853735921
121,2017082120170828,2017,4628.864,36557.2608,17.187180922855326,17.0016864812757,12.723556006595517,14.383068451715515,0.558918177334235,0.6084630546136891,0.636870573629412,0.7607841149930611
122,2017082920170905,2017,710.4767999999999,22283.136,18.09393439043642,18.135422622842473,12.724355998607198,15.8796090860515,0.7879278805081541,0.9607327265858311,2.318673809385449,1.5212764784887511
123,2017090620170913,2017,1959.1935999999998,16556.2624,18.34467895123249,18.27408823585369,12.524375331809543,15.666012880550142,0.6623728919799581,0.8500539932492851,1.171318018950014,1.465752412351363
124,2017091420170921,2017,2109.9008,19204.403199999997,17.873841005956102,17.478008303229185,12.6616051533711,14.980832654574995,0.749188518855262,1.100225922368564,1.000426895698281,2.5105482494032563
125,2017092220170929,2017,1507.072,17008.384,17.720934252060704,17.517637323826555,12.564830860212448,15.042043287171408,0.997357655401333,1.440295307486562,2.935904079417406,6.12754513989367
126,2017093020171007,2017,21938.662399999997,15587.4304,17.070194014945884,16.50635158134661,12.229813983420868,13.085755029793185,1.037982877057293,1.5544683731817912,5.23945356201854,3.433123467837695
127,2017100820171015,2017,44049.56159999999,9408.4352,16.309064592234108,15.861476735702327,12.005417790256029,12.895948082863276,1.121525420045573,1.5756356962446691,1.8923088029735862,3.500679581381279
128,2017101620171023,2017,27923.8912,9343.846399999999,16.22869623450997,15.894845004531915,12.211748388995458,13.521581635668737,1.077725565576657,1.5088631861752622,2.417694847307413,4.267287239705789
129,2017102420171031,2017,16663.9104,8697.9584,16.57129263052695,16.46432407337752,12.562123327878462,15.438667730325761,0.9913437334509121,1.32765819866454,1.411233711004676,3.219703495909415
130,2017110120171108,2017,41724.364799999996,10441.856,15.707163975880736,15.589284426168877,12.232580931406764,12.96959733671375,0.8953835042287971,1.20850631731929,1.3444289836896,1.859314027854274
131,2017110920171116,2017,31842.2784,6092.8768,15.85055625025929,15.666875702145708,12.12826187594567,13.424894723254424,0.681518891239277,0.8668722764278781,0.47728242878158306,2.188832320459595
132,2017111720171124,2017,17998.7456,7427.7119999999995,15.702749723981292,15.722126002976843,12.57456310360574,14.517890053802576,0.826475643299162,1.052783407381694,0.7052858944243261,3.3589487903720983
133,2017112520171202,2017,16018.022399999998,11755.1616,15.404824932548962,15.470748606013176,12.569506563168451,13.810381639454038,1.057660577925902,1.259185395629861,1.3573008962055861,3.872876776363277
134,2017120320171210,2017,24651.392,4865.6896,15.195238238961265,15.035712426647418,12.557761614370257,13.497189541025037,0.8508760527351651,1.057458679764803,1.966137074534016,2.916078252503296
135,2017121120171218,2017,41616.716799999995,1507.072,14.817121614437072,14.751458002041117,12.339016041723541,12.465990307939727,0.7373744462666151,0.857003427759853,1.546759846281587,1.612680282665738
136,2017121920171226,2017,77140.55679999999,5899.1104,13.992823033363821,13.995662305888189,11.985429863948006,11.963160474955767,0.7055741552899201,0.741338728913535,1.013692940871616,0.8490111884701861
137,2017122720171231,2017,44932.2752,5985.2288,14.44452323794686,14.371065750191267,11.768171507402437,11.177656447338613,0.7681458261121641,0.90191988034069,2.224003936228326,1.224763577530015
138,2018010120180108,2018,76817.61279999999,7664.5376,13.845918768142699,13.462685571144513,12.277947142081928,11.827892812099703,0.585918611248568,0.7769174365967061,1.082784633354589,1.431235263269562
139,2018010920180116,2018,104031.0272,21357.3632,13.549751577133222,13.610987288041192,12.139301541732555,11.92964805468522,0.7487375090993891,0.859129789339742,0.9302925299339241,1.068387797965395
140,2018011720180124,2018,116410.54719999999,3573.9136,13.58580054641393,13.430034663817239,12.33723840102173,11.88671283246097,0.696951697291034,0.8969239921657111,0.9813255331723051,1.050846501642518
141,2018012520180201,2018,115183.35999999999,6997.12,13.608365760970221,13.413217141996183,12.003309262134,10.92937255244668,0.6501277388555651,0.8581460399695201,1.051099548223562,1.029638276186306
142,2018020220180209,2018,62349.7216,495.1808,14.176726828121327,14.040344336655298,11.967577187925107,11.406760394957232,0.82726680532936,1.093457151424,1.050300633283805,2.239549406263727
143,2018021020180217,2018,111178.8544,387.53279999999995,13.76659407883332,13.568699823330446,12.010529987689525,11.508462973178343,0.598260336316202,0.793599618071768,1.012954338264827,1.114171054402772
144,2018021820180225,2018,193400.3968,1485.5423999999998,12.730883045692064,12.4492134764578,11.447185214658731,10.255213213233528,0.5423161946275751,0.6779696513231961,0.722064637128458,1.028314432256956
145,2018022620180305,2018,240098.0992,2755.7888,12.363207342225348,12.156578140787767,11.577944966862647,10.480097151898159,0.585005399000988,0.722029883869266,0.693646496512619,1.906205284104229
146,2018030620180313,2018,164012.49279999998,11539.8656,12.973242676666901,12.765054105247605,11.680822773740898,11.51609407588634,0.661979454924648,0.9035334922399291,0.8512899551510931,0.8401115031354761
147,2018031420180321,2018,185692.8,1011.8911999999999,12.95175059179863,12.751973692541485,11.767438080235344,10.202056542343906,0.516780155753636,0.6838507446391671,0.6868282760924941,1.449153323270591
148,2018032220180329,2018,148037.52959999998,861.184,13.088039637513461,12.972802462635986,11.688349918969749,13.123477617798734,0.7085157025012041,0.987117118932855,1.035689144655315,3.051661775118407
149,2018033020180406,2018,165907.09759999998,9839.027199999999,13.008835130600254,12.641565280233314,11.568681581567422,10.601345572533162,1.062896277965369,1.7314069566097552,2.123240838973806,2.302204380533705
150,2018040720180414,2018,139231.9232,3638.5024,13.691215830394558,13.417375624217742,12.03046331297905,12.60645766904336,1.03666886253522,1.539825279950074,1.535239016207938,3.583997640608251
151,2018041520180422,2018,155336.06399999998,6394.2912,13.568984280560558,13.17123828121662,12.095973985022773,11.693178698822178,1.154198984850325,1.824658394366436,2.275434365908797,5.173296002334356
152,2018042320180430,2018,121103.99999999999,5274.7519999999995,14.144305011580771,13.599625719058894,12.052957716111544,11.407283951192033,0.7761881178240441,1.152517542869991,1.9269438811146582,5.505545352218279
153,2018050120180508,2018,69303.7824,19742.6432,14.552459133770746,13.985927801002038,12.158227318771216,12.022612762028706,1.051271352646723,1.503101835464864,3.77766453721097,4.485321511183242
154,2018050920180516,2018,74234.06079999999,20991.359999999997,14.69039997458487,14.449392718266202,12.282508637795894,12.43969925993881,1.269273498369114,1.531124650474025,3.204607754375693,4.731707562621544
155,2018051720180524,2018,107583.41119999999,20044.0576,14.030322645802336,13.440794497472016,11.762835171147932,10.859841067024579,0.960266337584956,1.6975125666645452,3.195411580995244,4.483193509962998
156,2018052520180601,2018,111308.03199999999,7879.833599999999,14.13038290723537,13.74143862326395,12.030368886648523,11.67602477291564,1.205686628132411,1.533160380197752,2.4286792260307,2.144803504520384
157,2018060220180609,2018,82243.072,17654.271999999997,14.3913637617269,14.009618728912649,12.008202015726228,11.527219144793444,1.593562268824562,2.467512762209792,5.591069733475827,4.3212309672453095
158,2018061020180617,2018,75396.6592,22412.313599999998,14.730654959122138,14.186187530178508,11.815880773134985,11.877919472028818,1.001010053591098,1.241328749364675,2.37791402139075,2.214320725693072
159,2018061820180625,2018,58194.508799999996,36212.7872,14.785433421326971,14.601129864139386,12.14085449543418,12.350609083224663,1.474257244951283,1.977925521256446,4.371388411137841,2.462765934580091
160,2018062620180703,2018,41982.719999999994,23725.619199999997,15.407045522434283,15.125034862502291,11.833000717293245,12.968044788704802,1.075758305372419,1.428076002211041,2.8752565103093453,2.042696133443898
161,2018070420180711,2018,14338.7136,18450.867199999997,16.34852134492248,16.141506085274802,12.337976421883491,13.658270853528302,0.994985789649623,1.540959892979187,3.160287953627825,2.634723932703282
162,2018071220180719,2018,35459.2512,34619.5968,15.424233785365178,15.501817911574037,12.575600595874635,13.355557537470018,0.9492530890289691,0.9738857795783521,0.877795619857589,0.8886915194794041
163,2018072020180727,2018,44394.0352,41788.9536,16.98852039604682,16.52342840893615,12.331748284197891,13.775797359939705,0.43869364897361,0.606957020446466,0.669705905753853,0.939788967136686
164,2018072820180804,2018,25792.460799999997,31497.804799999998,15.68087550729967,16.044478310783866,12.33416609760818,13.797845674568856,1.437561120537165,1.564492045403596,1.013628605873979,1.713195308499521
165,2018080520180812,2018,8848.6656,26330.7008,17.500216144427366,17.23128068135547,12.47529649721878,14.472443686068816,1.651956468149581,2.331452526486681,6.214158584541504,4.640102110604848
166,2018081320180820,2018,29969.203199999996,32294.399999999998,17.269671581999226,17.01213596974259,12.565144248808794,13.70007001163037,0.8174350460199421,1.090733269881002,0.6134345577822681,1.6180670077680932
167,2018082120180828,2018,32832.64,35889.843199999996,17.028438908369825,16.569310857891505,11.901126797360423,13.093600268895877,0.488971651572687,0.66629815258531,0.9628752607211101,0.6347189469254101
168,2018082920180905,2018,10032.793599999999,23381.1456,17.40501892786504,17.020649523314606,12.561777272530382,15.758666188257141,0.638105367565837,0.8597188806942061,0.692226051136626,0.8963337322472361
169,2018090620180913,2018,17761.92,14726.246399999998,17.26856323538981,16.790190034866797,12.38814623679976,14.548755598655882,0.92590238618783,1.366720890545033,1.786605650086837,1.573982350263905
170,2018091420180921,2018,13843.532799999999,15867.3152,17.267283767758585,16.612875180765357,12.375757039526437,13.845560848164897,1.093356980961748,1.655033626220404,2.5994948331159513,2.6064617746453598
171,2018092220180929,2018,24845.158399999997,28742.016,17.11192815254587,16.49452379317306,12.142152626886974,13.628747310503714,0.9541813108137691,1.368767784906591,3.235576454670082,1.618486575930993
172,2018093020181007,2018,7513.8304,13865.062399999999,17.207736377989885,16.758534535068396,12.662159547411934,13.57225260127874,0.701592179272269,0.9760834490931861,1.9218819673222192,1.5913809295693961
173,2018100820181015,2018,21723.3664,9085.491199999999,16.735533457194865,16.540368492723662,12.371302492664949,13.55206879564432,0.939133870248493,1.241524261727844,2.4502439264806553,2.013316101241356
174,2018101620181023,2018,16147.199999999999,9343.846399999999,16.934879517422385,16.723565796085747,12.344747075515933,13.352033619560338,0.849414033953456,1.194518338013797,4.679411262845445,1.6303946659577302
175,2018102420181031,2018,4801.100799999999,7147.8272,16.62206758720862,16.309221466283045,12.648935126540021,13.980277532426625,0.7893729513009741,1.137010834061138,1.712838650030939,2.644216260232149
176,2018110120181108,2018,39485.2864,8375.0144,16.119602678143348,15.687185133286624,12.162564741096663,12.628526114982122,1.11207058677793,1.607760816749376,2.058266704712434,2.102872455712549
177,2018110920181116,2018,48075.5968,7513.8304,15.948861718719135,15.633083394126341,12.07986061314,12.463743444604498,1.179906109412814,1.479691146766976,2.108137035000095,1.121575198959905
178,2018111720181124,2018,40389.529599999994,4564.2752,15.490539158467643,15.201210048105127,12.036027342179333,12.311917623055225,0.574365770467526,0.7603678303986091,1.7618854609023442,1.394316973225721
179,2018112520181202,2018,35136.307199999996,4133.6831999999995,15.248687399208478,15.09107486803763,12.31733100316296,13.621099182904784,0.535449369296744,0.638503489875317,0.753167530142129,0.698527950923285
180,2018120320181210,2018,35050.188799999996,2389.7855999999997,14.916858402101479,14.768018283389402,12.338548993666995,12.341839805267924,0.7298404654246231,0.9213595905580431,1.8554439743564521,1.15667794135695
181,2018121120181218,2018,30141.44,4370.5088,14.932957504427605,14.800768662881973,12.420908480769954,12.182088616904569,0.633016564205509,0.773080607761179,1.018917135422075,2.284237972851006
182,2018121920181226,2018,48226.304,4133.6831999999995,14.560894291347697,14.347455409310932,12.505054567641922,12.77635052242358,0.571297118581452,0.7164724716166311,1.021942509190509,0.8613472446344801
183,2018122720181231,2018,107174.34879999999,6480.4096,13.734807835783434,13.640613600855014,12.16216395594509,11.628261567925714,0.689827925761603,0.758788185201679,0.925036926544175,1.088732923444202
184,2019010120190108,2019,102610.07359999999,4542.745599999999,13.794155237792715,13.610575721893488,12.336613038705332,11.09865801040685,0.6185630034731611,0.7367745039247261,1.008536078466357,1.614640422946339
185,2019010920190116,2019,137165.0816,4069.0943999999995,13.449689712599355,13.345234957268962,12.2179059432233,11.733357942511834,0.47034354833554304,0.5101718312225301,0.581573361639877,1.30478714933277
186,2019011720190124,2019,123149.31199999999,1377.8944,13.685903275996441,13.683128633294098,12.253845374149337,11.927743662546789,0.6464148501758901,0.7818770944668391,0.92109701613558,1.655457144735112
187,2019012520190201,2019,90596.55679999999,1377.8944,13.94268649503139,13.91365994431097,12.432033815572794,13.445937718078056,0.6839368912700841,0.880197167887926,1.078117119593104,1.5257872923360911
188,2019020220190209,2019,124936.26879999999,667.4176,13.448466836085348,13.440240322896187,12.289478824419318,10.638088818683059,0.46796099857322104,0.5540325799397621,0.67223201620142,1.905263111834198
189,2019021020190217,2019,158436.3264,990.3616,13.082282537643996,13.093416525104281,11.980900996573071,10.286911153255652,0.497533297170677,0.6182412260599981,0.562353954567105,2.254378629375257
190,2019021820190225,2019,177102.4896,688.9472,12.808475444152798,12.853810808127884,12.098738224317485,11.870722027165815,0.720209050850059,0.924201144726224,0.9138691001061451,0.6442525223531881
191,2019022620190305,2019,120307.40479999999,5963.6992,12.839436096364103,12.93539523220185,11.856945572122717,11.502922254637253,0.5888848670236391,0.754542893094937,0.9448545965722881,1.01995607462056
192,2019030620190313,2019,184056.55039999998,366.0032,12.832457638566554,12.89402204437827,12.098975741302887,11.815322025431113,0.8964255926987561,1.245201431206771,1.4153249966027721,3.36471259986949
193,2019031420190321,2019,115549.36319999999,2196.0191999999997,13.287668413928907,13.35429214114813,11.997541693069351,11.045705707458932,0.955634383094015,1.272138833449461,1.560595701316227,1.932963232629938
194,2019032220190329,2019,120737.9968,215.296,13.47912811490828,13.513720852909959,12.03643318602955,12.77188221305169,0.6386963739188191,0.8552148725858091,0.9549137196920741,2.624177799538365
195,2019033020190406,2019,78324.68479999999,2626.6112,13.585456755911723,13.74717157820264,12.082550580532786,11.72149678780461,0.706259687438333,0.9728303483102251,0.6912815517763771,1.5408098534362091
196,2019040720190414,2019,137315.78879999998,9171.6096,13.182172945664085,13.192376506554627,11.854328342694165,11.476329504811432,0.9747119572700691,1.108464388983502,1.135835473572414,1.305583566404395
197,2019041520190422,2019,133634.2272,7772.1856,13.56491289613803,13.410042574542983,12.030232028139565,11.084753158218172,1.064757474549518,1.503693937031794,1.704662008801282,2.250093247019437
198,2019042320190430,2019,107777.1776,7793.7152,13.961808084434965,13.8372994913761,11.769601509145026,12.377434617435393,1.3067268077761,2.055277658303304,1.922410317382703,4.096340322165552
199,2019050120190508,2019,101016.8832,7083.238399999999,14.110541806299167,13.940659259681055,11.674124493120285,12.817678488155662,0.9984983837047351,1.4521625723946672,2.3456560678712313,1.446499932223969
200,2019050920190516,2019,34705.7152,6308.172799999999,14.786005512092201,14.858155200967946,11.787173555958006,12.197225166445337,0.5671193285496501,0.667425764752094,1.085811698215394,1.059536227917945
201,2019051720190524,2019,106980.5824,6566.527999999999,14.222334329304603,14.068335721970195,12.272217695911516,12.251128536908567,0.62976534291545,0.8511661353598641,0.855044135251208,1.7085251009587101
202,2019052520190601,2019,157898.0864,28332.953599999997,13.19699882411288,13.005472173998319,11.541085995236418,10.192348209365374,1.434734807325501,1.700396556424103,1.924952478845153,2.22807625443211
203,2019060220190609,2019,74169.472,13046.9376,14.878773858440626,14.553932246061137,12.032274894117272,13.236881746282032,1.021674926792853,1.4979255425183982,3.290773946509129,2.210970012967879
204,2019061020190617,2019,53350.3488,49797.964799999994,15.39144664803402,15.352080471256269,11.779170763333827,12.613307355835838,1.5805312448657172,2.25133193254215,3.878824116269626,3.224268270956955
205,2019061820190625,2019,83470.2592,22519.9616,15.000090075865938,14.455858342056054,11.874448338606973,12.272037441392277,1.392304147303605,2.235811546194282,3.981304930506582,4.053120896913775
206,2019062620190703,2019,22584.5504,14855.423999999999,15.889324528853475,15.559736925871016,12.272924380095946,12.94774814451962,0.947341301806318,1.343631296350132,4.853846001431696,3.264072152863959
207,2019070420190711,2019,42348.7232,32100.633599999997,15.745407106223768,15.022748206047213,12.073393002734349,12.686437924676687,0.857868493224852,1.336642771270953,4.225565500284611,2.0901169807982
208,2019071220190719,2019,16362.496,20539.2384,16.773208736693878,16.040675915186128,12.426604972210411,14.052325132627793,0.613402644099736,0.946910910429916,2.667532360448981,2.12976933474321
209,2019072020190727,2019,9839.027199999999,25491.0464,16.933578796212768,16.213846915007196,12.27770741183773,14.01039407277922,0.7785079108915941,1.316283400903308,1.554821751642537,1.152011314686706
210,2019072820190804,2019,25534.1056,31670.041599999997,17.228128013312755,16.27458151246904,12.403651182436779,13.822668797448923,0.8269539626011171,1.300740690554967,3.276511350750468,1.125718182114937
211,2019080520190812,2019,3638.5024,28591.3088,18.442027384390713,17.322840580723756,12.451472469615563,15.269909950087136,1.069219602664439,1.713780697714561,4.8459868548672365,2.785529253072347
212,2019081320190820,2019,3853.7983999999997,27966.950399999998,18.32023464816601,17.404929764818558,12.400277005641795,14.659588003472585,1.099541837978399,1.668278173116581,3.798627557180976,3.163442162767422
213,2019082120190828,2019,7212.415999999999,25706.342399999998,18.581082090706772,17.496900544187405,12.621141660712592,14.88378153622637,0.962606991989382,1.4563284086077841,1.304895299093388,1.496216697960727
214,2019082920190905,2019,322.94399999999996,14769.3056,19.52081587198368,18.45907191946774,12.560268916909083,16.254838052896677,0.8435408821058791,1.332775020877538,3.06555646807665,3.908380333334426
215,2019090620190913,2019,2841.9071999999996,21615.718399999998,19.042832788207335,17.958462929255585,12.4180635845746,15.054215623373656,1.034047401035908,1.619919477257855,2.913548990904051,3.211090768019145
216,2019091420190921,2019,1098.0095999999999,18041.804799999998,18.900855985307448,18.000362719183155,12.547801503565147,15.312301491403316,1.200427799995446,1.83676466092038,11.83908276922301,4.680042632511271
217,2019092220190929,2019,15049.1904,16642.3808,18.17721148659333,17.195039227588612,12.243142928508764,14.052324610559095,1.022467053470016,1.5414267931033079,1.870975967383406,2.797168834299513
218,2019093020191007,2019,25534.1056,17675.8016,17.280837109957325,16.341804629840563,12.263176346219499,13.3380179740122,1.224350107452636,1.857627423112891,4.008807787182176,1.8280261985300181
219,2019100820191015,2019,37418.4448,13800.4736,16.60535563701059,15.698823585529647,11.964772266882644,13.294637754433476,1.770742253630563,2.789809492563776,3.852242589959491,2.9930736965712232
220,2019101620191023,2019,24802.099199999997,9085.491199999999,16.49268722255026,15.662938029877855,12.4225865325317,13.281568598839966,1.145074627427668,1.693215097906998,2.137863050293368,2.478547127764788
221,2019102420191031,2019,44307.9168,11712.1024,16.31830930930931,15.653168365332743,11.98629049777031,13.406529003996658,1.629322636115239,2.552540941387939,1.765056903658345,6.608438247078361
222,2019110120191108,2019,46482.4064,12357.990399999999,15.93686733342288,15.355665340481169,12.01327971252149,13.423539898697737,1.515774048269293,2.137433526065419,2.242746342111024,3.295072139587162
223,2019110920191116,2019,47645.004799999995,10829.388799999999,15.59248408045963,15.161489175794783,12.22116060520873,12.712645435683127,0.790836814541636,1.189051652574609,1.284937578424646,0.714481685284944
224,2019111720191124,2019,75224.4224,1830.0159999999998,15.089742762625148,14.835465275345303,12.17729563819225,12.755997998220792,0.9067495241419131,1.227483327457188,1.244576177418512,1.664514638520795
225,2019112520191202,2019,116668.90239999999,6157.4655999999995,14.16109970630437,13.781679636644755,11.489671363202072,12.017892286698443,0.6802424964846,0.91558615269242,0.8354400603775801,1.744872369610171
226,2019120320191210,2019,109090.48319999999,5188.633599999999,13.87002491549937,13.63809413328465,11.889616995294595,11.718106103993081,0.45446344349660406,0.593534086260465,0.575130288427664,0.756514957222829
227,2019121120191218,2019,72705.4592,5597.696,13.994098199607523,13.832337045057788,11.811024430474871,10.589443507830058,0.7109648178551,1.05331623129924,1.9612822037223272,2.2947333703943302
228,2019121920191226,2019,117594.6752,2475.904,13.609704829921697,13.43200793395297,12.372599555005632,12.268252933719396,0.584297710340401,0.756454930560525,0.8050384777523371,1.183427364719392
229,2019122720191231,2019,131416.6784,4607.3344,13.409570483674441,13.314833304836029,12.227744531390217,11.23670662777908,0.723840170823696,0.900062122741563,0.848834436403433,1.456983129053722
230,2020010120200108,2020,127390.64319999999,4930.278399999999,13.513193713716191,13.464052348455718,12.228349765030918,12.269850363260105,0.7969070631104601,1.070834014332636,0.935659793806463,2.025423915997732
231,2020010920200116,2020,197211.136,818.1247999999999,12.84625431357789,12.731609811031,12.041862806723195,10.87149550141285,0.597123350085314,0.7801648673707171,0.7228006980982641,0.9474929287646511
232,2020011720200124,2020,133375.872,4564.2752,13.06682082454083,12.915438376333816,11.827003926204798,10.997490398716934,0.5967646819351751,0.7815858470044801,0.816833743655052,1.7466676439313882
233,2020012520200201,2020,155809.71519999998,3595.4431999999997,13.204921961365768,13.086021318623159,12.109500787567374,10.618109967722498,0.62719041863043,0.8378122055071551,0.8662277143591821,0.7201686255053651
234,2020020220200209,2020,228795.0592,1033.4207999999999,12.73277591027437,12.566862638456342,11.916958670880424,10.57972259451624,0.5964269046652131,0.73535727810007,0.740511178710858,0.7846697796326261
235,2020021020200217,2020,206641.1008,387.53279999999995,12.636653672209247,12.62359157634226,11.81562398629541,9.590838938180994,0.69741276247543,0.8557796858320361,0.753118299378925,0.911454574675931
236,2020021820200225,2020,192453.09439999997,43.0592,12.78418816195581,12.680391858789847,11.533654966954217,10.591225673085626,0.790612149395378,1.058350143355405,1.064508745423122,3.090670146922988
237,2020022620200304,2020,193766.4,430.592,12.43707564901349,12.534676434272246,11.321050420423894,12.258620960383068,0.912540507532492,1.225154926241713,1.138587840860149,1.566675336337376
238,2020030520200312,2020,184723.968,2820.3776,12.629347165782326,12.776747682625727,11.477658249256786,11.188241149270247,0.8491587956776431,1.134607686018301,1.194358914937956,0.869077493100441
239,2020031320200320,2020,184164.1984,387.53279999999995,12.452242451051509,12.649190197578402,11.528534706768742,12.16892253342116,0.5604071177512671,0.685222408452949,0.7000282479912701,0.7496639805168881
240,2020032120200328,2020,173205.63199999998,258.35519999999997,12.681854858578014,12.867095374214951,11.64541366015482,12.902749044440286,0.547325554116715,0.732669857632493,0.6899684982020421,1.689904948710518
241,2020032920200405,2020,163646.4896,3057.2032,12.836522947013037,12.86178495296693,11.613468793795981,11.464969435593542,0.7551750020600421,1.057110645959327,0.7794780939465821,2.5633949102486673
242,2020040620200413,2020,166725.2224,1377.8944,12.910213805919506,12.91985474821808,11.803820394168936,12.086629155585277,0.8910840236531191,1.290447679099635,1.52807308123514,0.774838856604095
243,2020041420200421,2020,135571.89119999998,4047.5647999999997,13.347108364396865,13.437263224546747,11.945619868970054,11.81260261206506,0.9744412623125751,1.309510669769857,1.294018300773551,3.672932054234245
244,2020042220200429,2020,110253.08159999999,10829.388799999999,13.839888220823614,13.889348926078675,12.184947482924386,11.90760977496543,1.136375961278401,1.5728457544989531,1.505161365678184,2.619736751618013
245,2020043020200507,2020,39399.168,14510.9504,14.85752320851987,14.496244790511144,12.219074317864614,12.431069691306881,1.278511719278654,2.052453562646762,6.651146950624144,5.062900250263389
246,2020050820200515,2020,46224.051199999994,14252.5952,14.870834338276882,14.710407735806873,12.305024636827959,12.567482244729263,0.60813676969827,0.9734280406743641,0.8246660634793781,1.8236250363372681
247,2020051620200523,2020,15802.7264,8977.8432,15.253279421850179,14.884101059458487,12.421697619716277,13.344976982174996,0.665411033916232,0.974526283446533,2.146236499605794,2.906543249010656
248,2020052420200531,2020,36815.615999999995,19548.8768,15.383276762794113,15.035634069290829,12.123923289377354,13.485283848449242,0.608455664423445,0.942963887781978,0.970946697729623,2.646586495361568
249,2020060120200608,2020,42477.900799999996,10097.382399999999,15.457520452166758,14.991890026343656,12.000909923023448,12.440285512706344,1.027588581265241,1.530292568870327,3.838096043595627,2.061381994126423
250,2020060920200616,2020,30830.387199999997,16577.791999999998,15.737814666321151,15.135537428854839,12.18779298630086,12.550526884858073,0.9291221238889651,1.51473947943016,3.036019020730288,3.448322226717228
251,2020061720200624,2020,30787.327999999998,23596.4416,15.721684846828142,15.24978545949593,12.276802783333904,12.68198274875923,0.959305545271201,1.528079411069844,3.023276881999775,2.910211162917205
252,2020062520200702,2020,81532.5952,29710.847999999998,15.460610965585609,14.947018533316331,12.129743553416542,12.658972053107494,1.391083526959176,1.783104334291727,2.843988496575993,1.220696895426114
253,2020070320200710,2020,43683.558399999994,22821.376,16.107347787011506,15.611164713087994,12.056956619293615,13.623862925789172,1.049402580490454,1.444090241515105,3.322316566222313,2.3001756047257302
254,2020071120200718,2020,36923.263999999996,27041.1776,16.354438052332547,15.799041541345797,12.127701262708912,14.215514129263443,1.010008064655957,1.449532203304334,2.725582045252602,1.9116078187426981
255,2020071920200726,2020,80649.8816,65880.576,15.550483255024728,15.038526972677337,12.247393495788604,12.91837147532137,0.9273855999963151,1.05242586938471,1.542524280622041,1.29239327710757
256,2020072720200803,2020,10118.911999999998,26739.763199999998,16.863647416212505,16.131505324924735,12.568953277827054,14.244542250520308,0.8594882428321311,1.08205611237802,1.024779409997888,1.827041859999106
257,2020080420200811,2020,15113.779199999999,29344.8448,17.04183277496829,16.257772385324078,12.447787424661389,14.022208778530674,0.8570876584857711,1.1907668710005441,1.073074064635623,1.504727954937717
258,2020081220200819,2020,2152.96,17309.7984,18.33703841895292,18.250518254175105,12.712527362156864,16.5221202237862,0.8845360349179641,1.355679407019909,1.226785720917776,3.012147086273192
259,2020082020200827,2020,2669.6704,24242.329599999997,17.83933802754792,17.556723434834932,12.622873187829855,15.106546380991146,0.7074916218228211,0.8868127998818631,0.8515114741797211,1.299117459314195
260,2020082820200904,2020,8870.1952,25232.691199999997,17.7906726094572,17.19423143951062,12.4780068871259,14.906831140641131,0.6278726606908801,0.8296647834915911,0.735837546974021,1.304981095376138
261,2020090520200912,2020,1442.4832,25792.460799999997,18.07230609935226,17.7789397287608,12.827380856130027,15.400046826713993,1.247388301841789,1.813227040064712,0.7432552041520101,2.42598121402414
262,2020091320200920,2020,0.0,13951.180799999998,18.86672151281066,18.211349342619098,,16.0168436315276,0.859324437733857,1.303135245215712,,3.525536908478416
263,2020092120200928,2020,818.1247999999999,15006.1312,18.596833232567278,18.0313323898205,12.500065004069274,15.327166904585305,0.8787792250014691,1.361202685971136,2.8619856396062353,2.893972793035187
264,2020092920201006,2020,1571.6607999999999,17934.156799999997,18.771789363612598,18.232826381384754,12.681629847190877,16.009559936014824,0.5469829777189921,0.8260896359273641,6.599047393712251,2.182833009925271
265,2020100720201014,2020,3530.8543999999997,27191.8848,18.259123047775287,17.730190691923525,12.684967767171008,15.146428630086046,0.8455418276438881,1.268849425038345,1.887443352902735,2.671797391448187
266,2020101520201022,2020,18558.515199999998,18170.982399999997,18.02478275244778,17.528050109248657,12.340833833261911,14.640236623268505,1.020320717071472,1.5559943295170862,3.315263836631681,2.857358534211059
267,2020102320201030,2020,48506.188799999996,12939.289599999998,16.691224048696625,16.099103223726058,11.565951491190953,14.312506487538416,1.19187272818656,1.774492497245961,2.575787331483129,3.2242683392356932
268,2020103120201107,2020,42994.6112,14812.3648,16.408220093204914,15.757384502560102,12.047568276880178,13.815866936373684,0.843119592496086,1.263961786050165,2.28381752151487,1.8418842777488562
269,2020110820201115,2020,94299.64799999999,9063.961599999999,14.762091918544431,14.014484684081312,11.708016878002882,13.18856158823362,1.01113079985586,1.459912966976809,1.570535413843551,2.6339947075301433
270,2020111620201123,2020,70509.44,5490.048,14.95314248826902,14.335957709169492,12.20640614491399,13.148096286845322,1.180205300238115,1.749350838738485,2.160903074340781,4.196931534511478
271,2020112420201201,2020,124096.61439999999,1141.0688,14.316756789774852,13.669259838784315,12.167779465590135,13.519441690672343,1.124412637193895,1.6016637097596411,1.847423487354207,4.326895311429087
272,2020120220201209,2020,132363.9808,1098.0095999999999,14.116572189052363,13.46669834497379,12.123993427263787,13.492397490110365,1.415224632097565,2.114206511504528,3.0663668499091,3.332999881406439
273,2020121020201217,2020,183712.07679999998,1205.6576,13.611031329784261,12.960131382346438,11.85986103986074,13.531328926142276,0.9033283533511801,1.2377764342810131,1.5432979521796302,2.4609767795286692
274,2020121820201225,2020,180461.1072,2282.1376,13.5251195991205,12.9868095137904,11.85372391777881,10.898536147716918,0.8636471620817481,1.191918032647923,1.252708187398634,1.455385398520174
275,2020122620201231,2020,212970.8032,1937.6639999999998,12.959207417504295,12.4192132065503,11.574296722950482,10.255927155370344,0.7638776999893191,0.9756118646292391,1.00120093995275,1.13571438770723
276,2021010120210108,2021,192560.7424,2992.6144,13.093584904999553,12.675675029052757,11.964122799091948,11.004489940573853,0.9470278482016221,1.257465569133584,0.9936186860556091,2.529131882836309
277,2021010920210116,2021,169437.952,2777.3183999999997,13.406642853652949,12.946184702922986,11.993563143248755,10.098460261047643,0.764251009979617,0.9747165342485251,0.886172546071453,1.420315642811057
278,2021011720210124,2021,165476.50559999997,215.296,13.418114655971355,12.999672383788628,12.179612922304308,11.658365324258584,0.758852453681443,0.977785816388368,0.992723361781176,4.962715936459084
279,2021012520210201,2021,252585.26719999997,2239.0784,12.391639268734757,12.034514032268536,11.679005971224164,10.379957581513844,0.5316932605079661,0.669644370799359,0.6063989614609461,1.513419753024366
280,2021020220210209,2021,229548.59519999998,258.35519999999997,12.698385349327687,12.388539948093845,11.878995938356194,10.299649844135502,0.7777301629709831,1.021819550398208,0.8641474483263041,0.87344140879589
281,2021021020210217,2021,232455.0912,1550.1311999999998,12.64743675441126,12.23937555302632,11.819996355484456,7.764406300393764,0.692778912538703,0.904248927965952,0.8875789143447,0.985343656532306
282,2021021820210225,2021,225651.7376,1657.7792,12.577701568049914,12.291696323276048,11.665012641478226,11.139101955930597,1.042038062567421,1.49909934132712,1.495055183124582,2.8221672470367363
283,2021022620210305,2021,246815.3344,1334.8352,12.200422582156385,11.917943739006123,11.308917256061015,10.701652995828024,1.514556741302735,2.2931591489279652,2.277701429306233,5.835059440299702
284,2021030620210313,2021,253898.5728,667.4176,12.330561234901403,11.992674837372409,11.53546699646525,10.09970175496493,1.256861142916927,1.9278798133717872,2.108128411118356,1.3728201782077432
285,2021031420210321,2021,274287.104,1141.0688,12.001038933963075,11.780463645193286,11.474870691980975,9.96289175507545,0.993887710668602,1.301080909463193,1.199592691818415,2.153874743544651
286,2021032220210329,2021,257709.31199999998,2691.2,12.230347453226274,12.056141785898998,11.62002490651827,10.822643751567474,1.109811480139321,1.508565971067888,1.246189256542316,6.557664171654233
287,2021033020210406,2021,218912.9728,2928.0256,12.809041737134972,12.519267035125694,11.79694294341364,11.455957691574987,1.1166421346975741,1.52842395209223,1.318795696197747,5.382320457019073
288,2021040720210414,2021,259625.4464,4801.100799999999,12.186537557862858,11.87157101858954,11.255178821521184,11.123188644591337,1.566289409526223,2.200219149130191,2.408174013159584,1.7612556739111191
289,2021041520210422,2021,217169.0752,8159.7184,12.792281701021292,12.26074086607139,11.423312877419937,10.286111706917756,1.05205678461618,1.6206854389997831,1.8859537350626092,1.213736862495481
290,2021042320210430,2021,211205.376,2755.7888,13.233570195393936,12.83693511002801,11.952245243351875,13.8832964703539,1.272064312352545,2.015889164087934,2.406188241272562,6.206319473412195
291,2021050120210508,2021,210365.7216,6911.0016,13.210848295449674,12.78675141840788,11.673792057863503,12.2100483683075,1.059730880473073,1.562587095600119,1.615789544352532,3.250446951098751
292,2021050920210516,2021,232734.976,15178.367999999999,12.804440582577378,12.364792442018583,11.503545865943922,10.053276480057479,0.984892159283374,1.354722478120499,1.469401048496164,2.310605220512359
293,2021051720210524,2021,219042.15039999998,3939.9167999999995,12.928440181080706,12.457350349245457,11.487350717608207,11.779127151493576,0.896115605189385,1.247067860632979,1.303668926254843,1.765636448134731
294,2021052520210601,2021,161342.82239999998,30399.795199999997,13.365280103972305,12.876087806430146,11.288112554876072,9.88704768115373,0.825221185650554,1.18372662276159,1.311981141444053,1.544927262400413
295,2021060220210609,2021,92318.9248,6329.702399999999,14.258932682079257,13.918013921513696,12.165644496929374,11.743779512075589,1.120779698189446,1.644990974473794,2.671814919718634,2.931535333592202
296,2021061020210617,2021,12551.7568,11152.3328,15.89207219587809,15.225805295241592,12.557897238754421,13.545644633487187,0.8400479609886181,1.314162674298372,4.135414909608555,2.73592000296872
297,2021061820210625,2021,54254.592,33392.4096,15.406125299310165,15.249344976677536,12.400046792155253,13.124776543487144,0.630631610909899,0.8383703161804481,1.3115350502914231,1.548797732604585
298,2021062620210703,2021,24414.5664,14209.535999999998,14.20605890055166,14.569881066436167,12.649373776005874,13.162232231014109,0.783593858687299,0.584824219524117,0.47413428061831403,0.43716529513837504
299,2021070420210711,2021,70875.4432,30851.9168,14.948628669212544,15.501875000104757,12.276860350851825,12.585727284010803,1.430392631476886,1.402154812281065,0.877053737430856,2.064771554138371
300,2021071220210719,2021,132686.92479999998,26158.464,14.695921977817383,13.952746743733421,11.621189073854525,11.60040074521838,1.001325802472916,1.424137925795554,2.47574106460504,0.747037779183766
301,2021072020210727,2021,44307.9168,31928.3968,16.147639167620788,15.620900853550749,12.3310925663653,13.614366304793572,0.898963842700902,1.44257755214387,2.6030600752486963,1.315153177118586
302,2021072820210804,2021,38021.2736,31174.8608,16.487580588695597,16.25044590065342,12.365293407090425,14.944725313556031,0.993744129513845,1.4684453485139342,5.857575701870394,2.723632100650204
303,2021080520210812,2021,9774.4384,38322.687999999995,16.677694218303987,16.108694037027547,12.518221277298167,14.374186379859273,0.806176467730316,1.1053649167058661,0.9091519901592061,0.9731422338176421
304,2021081320210820,2021,27278.0032,24672.921599999998,17.314095682341037,16.816042382589256,12.330509227418345,15.143756840523372,0.633349724509999,0.8719159202905961,0.9491396653392391,0.8035068725134631
305,2021082120210828,2021,20625.356799999998,16384.025599999997,16.872382311969698,16.63398980176986,12.479363190678082,15.39613081663069,0.938393599378706,1.295094652938865,2.198159506654162,1.207358981721599
306,2021082920210905,2021,34856.422399999996,36083.609599999996,16.399123437170918,15.866691600065376,12.34750233978875,14.137495376294693,0.906120993670059,1.393996618449739,2.758008612091575,1.393111826025354
307,2021090620210913,2021,21206.656,17804.979199999998,16.755668957826526,16.243919057978683,12.560659569621496,14.708169470895179,0.9216664348733151,1.36999648654059,1.7169870542648362,1.434507680385888
308,2021091420210921,2021,16147.199999999999,11023.1552,16.82559257792612,16.421241668649014,12.556524423645312,14.879897550533276,1.057999724294146,1.554312708002973,2.601397269981965,2.523342316484901
309,2021092220210929,2021,3896.8576,13585.177599999999,16.67332310039836,16.182384646602205,12.83639862552782,14.787931006603014,1.052498524707674,1.486941019040648,3.204591537078367,2.3059999668499342
310,2021093020211007,2021,38085.8624,13025.408,16.317964690584546,15.937664289782473,12.516826691138863,14.622116719689519,1.199976426111137,1.687645113419041,1.885220301505402,2.225953759073457
311,2021100820211015,2021,69992.72959999999,11066.214399999999,15.534030593939512,14.918424299280709,12.093991788821423,13.64140637065085,0.9589125466794741,1.364423854493619,1.477400586957535,1.919981534258105
312,2021101620211023,2021,37224.6784,14661.657599999999,15.485973451629311,14.982160058207533,12.284827795033548,13.067182822348707,1.257733589711601,1.917236303921932,2.789930110974356,3.327918150387606
313,2021102420211031,2021,5812.991999999999,4478.1568,15.615379373583504,15.341222569237923,12.347803475059445,13.721470080433168,0.9161515582802521,1.311226191896947,0.8143276974807481,3.092049776141217
314,2021110120211108,2021,1851.5456,1076.48,15.659185496212924,15.194902538049714,12.842499945118872,14.200649271323613,0.789935971895739,1.118633087527901,0.68071008465933,2.694411554127512
315,2021110920211116,2021,19807.232,6071.347199999999,15.465474220880143,15.150862137624276,12.507560408417017,13.14337009194448,0.9059044399391991,1.237377338448906,1.5679560813351832,1.991634042236066
316,2021111720211124,2021,21874.0736,1033.4207999999999,15.327882477714873,14.895867075615106,12.747031400848824,13.673595590503592,1.049008210007586,1.5171013429818059,1.173948366868612,5.918568126915073
317,2021112520211202,2021,51993.984,904.2431999999999,14.97180753634336,14.549450505823136,12.566181479885612,13.674857549333737,0.933408631265434,1.310160036904179,1.20625554164375,3.5321104201724483
318,2021120320211210,2021,120156.69759999998,3660.0319999999997,13.96358904246603,13.561293934801286,12.17433040124268,11.7244797470769,0.672315930698528,0.8620775855014821,0.8160538046636711,0.8664012672860341
319,2021121120211218,2021,139361.1008,1141.0688,13.738063674658425,13.325425299947149,12.01435712427707,10.389793505563793,0.65319053912707,0.878036854099777,0.898257240291759,0.946074300793694
320,2021121920211226,2021,123364.608,2109.9008,13.29971858182907,12.79709384542603,11.823119513727299,11.615738259103013,0.49665547911949404,0.679631747907634,0.436385206457559,1.7850105191023902
321,2021122720211231,2021,168469.12,3014.144,12.798739543853332,12.473027458366783,11.669104767854977,10.513052694541585,0.44499329831877404,0.556491052404795,0.56303419906963,1.9605134879079782
322,2022010120220108,2022,191441.2032,2518.9631999999997,12.897473711537991,12.523584718523995,11.65867049818743,10.117120607113044,0.6757684076168721,0.888426188123661,0.7889804047487261,1.1340854115121721
323,2022010920220116,2022,147800.704,1808.4863999999998,13.241856123824597,13.090579053061985,11.953330067089814,12.603851333192363,0.909236961500778,1.148401786067676,0.932829636530703,0.7880864087453421
324,2022011720220124,2022,161816.4736,215.296,13.198760087799432,12.982679155939453,11.946765421132643,10.07453451323548,0.571588549484727,0.697717365922165,0.7755627698473101,2.763922496718425
325,2022012520220201,2022,162548.47999999998,215.296,13.165213919603772,13.024828620893594,11.949413870916263,10.695074058029707,0.8193842352100651,1.09275533396497,1.204100079682587,1.127489086179055
326,2022020220220209,2022,170729.72799999997,86.1184,13.055180404396527,12.92849141259681,11.723808314235146,10.85761745367237,0.701177560019811,0.894079494277568,0.9748102761543671,2.087270199336667
327,2022021020220217,2022,149566.1312,602.8288,13.27135352780154,13.328841208037462,11.879050501116767,13.712302440688122,0.9167075469982701,1.249979681779041,1.546126409659288,3.547698814641108
328,2022021820220225,2022,190149.42719999998,2971.0847999999996,12.285092686773694,12.3265995872367,11.285232962696288,10.391782844114694,0.9599908219092871,1.209832446621142,1.295436123187559,1.220503261169189
329,2022022620220305,2022,189740.36479999998,4585.8048,12.65590164099062,12.376987064588665,11.277437715948226,11.666121406621961,0.979173747539652,1.4072013901046652,1.51009851895674,2.202213937713143
330,2022030620220313,2022,227417.1648,0.0,12.57810409538297,12.316757274589392,11.599379091710594,,1.052066384732317,1.53751740419747,1.497583631765863,
331,2022031420220321,2022,240485.63199999998,1528.6016,12.436931793569583,12.243202755378196,11.59253856116685,11.82727036489763,1.072689118060703,1.61458010184315,1.611440702688948,6.26164200210192
332,2022032220220329,2022,209547.5968,4607.3344,12.7725276233911,12.659140391566545,11.695147534666683,12.236925191113446,0.6896746774893391,0.9366584501967641,0.705860982971067,4.272217650558353
333,2022033020220406,2022,19893.3504,1464.0128,13.553520186855945,13.595927601879065,11.725370008564175,11.550104254692657,2.586972070983655,2.586972070983655,5.451797994058649,4.589737556774682
334,2022042320220430,2022,208815.5904,5059.455999999999,13.009877402283832,12.656391325055003,11.772390053839434,12.138365247511729,1.446782667571123,2.196158110159566,2.00037853932332,8.746130452443538
335,2022050120220508,2022,221647.232,11238.4512,13.042748072800169,12.623730655305234,11.73125567551039,10.802118405981215,1.113782056393269,1.566129081128669,1.5229459416151312,2.351748778662166
336,2022050920220516,2022,202206.00319999998,11324.569599999999,13.291187596309417,12.761183484458122,12.028143467375823,10.880209286824922,0.8669330620197351,1.2769920128551049,1.40000739944706,2.5944546493647023
337,2022051720220524,2022,194692.1728,9602.201599999999,13.358091556464808,12.811939458367764,11.786402766238783,10.548927843975036,1.009540701781462,1.5043219115014952,1.628603069696288,1.605891401238995
338,2022052520220601,2022,161364.35199999998,8827.135999999999,13.763470961619719,13.31703337640012,11.871444045853108,10.947410913718523,0.951113435786831,1.382115626260513,1.9539690854013312,2.303338890451169
339,2022060220220609,2022,42886.9632,13111.526399999999,15.0782729603219,14.48916518312889,12.317033989314503,13.278626174979228,0.9267968462138391,1.484216469699296,4.128132306284185,2.108334527293399
340,2022061020220617,2022,33456.9984,15565.9008,15.298300072264707,14.793755621816343,12.025890788366436,12.935714340814497,0.84051848733207,1.217631871591566,2.879144021264817,2.778772741564616
341,2022061820220625,2022,43446.7328,23983.9744,15.372509896312906,14.932812073523369,12.21981240772515,12.511844708380151,1.486016100021587,2.232301558526486,5.276438024574334,5.447184033637837
342,2022062620220703,2022,40131.174399999996,27342.591999999997,15.86806565191691,15.056870579049498,12.172446720508724,12.840604610037934,0.631111816676449,1.063987194285117,1.569567948500607,1.03037126493036
343,2022070420220711,2022,4564.2752,18601.574399999998,16.998961031806537,16.256866199315617,12.348719675490164,14.285573328485022,0.5325385218590141,0.8408066444563531,5.076564658271741,2.503536363643085
344,2022071220220719,2022,29840.025599999997,32918.7584,16.160314454182835,15.454379516225567,12.301911181664803,13.4404496649349,0.697315043450611,1.03151345373559,2.031896493408649,1.51923257689264
345,2022072020220727,2022,91629.9776,44200.2688,14.773434431528221,14.492854570162109,12.475724495165803,12.859684936175142,1.533844544325305,1.7378701204197662,2.100083162186645,1.379145934480733
346,2022072820220804,2022,3767.68,49410.43199999999,16.984004467099982,16.800468029087643,12.823624485808784,14.191759764854059,0.6264527088150831,0.660154587934625,0.8923311085647401,1.068340283406057
347,2022080520220812,2022,107.648,15910.374399999999,18.75129897613445,18.393645865467224,12.362026032419921,16.266836134080325,0.615551114791253,0.9220149415624691,38.032523175636626,3.279506032869079
348,2022081320220820,2022,6437.350399999999,47924.889599999995,17.182232991213695,16.77127285033818,12.51486121158995,14.649014395503713,1.053995087243611,1.041311398441095,1.186926405265871,1.2161298130980551
349,2022082120220828,2022,3552.3839999999996,36428.0832,17.50277112241732,16.933894168635554,12.521971567360184,14.511512782415519,0.5021054961468221,0.607294761042897,0.9373493010631601,0.6506217495552541
350,2022082920220905,2022,1894.6047999999998,34124.416,18.286121750614395,17.71391504801593,12.167066734171778,15.43717075097423,0.6778069159892921,0.900920855687754,0.5754439461056831,1.364533926049345
351,2022090620220913,2022,5037.926399999999,19161.343999999997,18.59841974252306,18.124743124251985,12.487168527773905,15.069531498976803,0.818586749313537,1.218887738003358,2.722284423482093,2.40466556186713
352,2022091420220921,2022,1786.9568,15135.308799999999,18.589521492227956,18.036348554975334,12.720361023311238,15.142221802228185,0.545057509641787,0.7647542957087181,2.325956718309031,2.069128086390617
353,2022092220220929,2022,43.0592,15910.374399999999,18.53641969852655,18.13387592022255,12.809999373811896,15.747563287172891,0.5474395263995661,0.7510763740031691,0.49992747455380704,2.016249124445115
354,2022093020221007,2022,2088.3712,23251.967999999997,17.921698937715476,17.33065266854476,12.62233115874852,14.975979317940862,0.7189870664582361,1.041627267525319,1.194426517661616,2.278075808947662
355,2022100820221015,2022,11625.983999999999,12379.519999999999,17.385731254549356,16.808295983726197,12.263027076034751,13.945642156274632,0.632120929314263,0.720335937858377,1.304532911942323,0.8310609936380591
356,2022101620221023,2022,16642.3808,22842.9056,17.26773679879902,16.561306445051432,12.515545811574599,14.004182172540785,0.8230047278704501,1.087001421477849,1.9426514815033942,1.265258585242143
357,2022102420221031,2022,36169.727999999996,17761.92,16.622418984571233,15.786851819376087,12.132775358685512,12.80656353255535,0.7830826279373191,1.15158304676587,2.465503724085732,2.252080053904628
358,2022110120221108,2022,52080.102399999996,26201.5232,15.691748562235297,14.775559882715884,11.858293524022502,12.335414020971575,0.560214834408935,0.793057838029631,1.186909659479521,0.9347687742853221
359,2022110920221116,2022,53802.4704,12616.345599999999,15.278440231177388,14.567266118341081,12.340012822636632,12.661954155366693,0.66367182867115,0.9409623297206091,1.453205846410091,0.9122040856566931
360,2022111720221124,2022,56924.2624,7664.5376,15.042148766760874,14.467945990115833,12.341563536276032,12.40248578282986,0.697994409981406,0.9885022066230231,2.273495091880072,0.99275515021656
361,2022112520221202,2022,96474.13759999999,10893.977599999998,14.656900205408991,14.090803510533949,11.815328836928597,12.33894154056127,0.558259070746232,0.756604134188501,1.120220337529948,0.8447975026047541
362,2022120320221210,2022,129349.83679999999,4198.272,13.999434990728798,13.516642380845079,12.009693371906268,12.309341653419265,0.5041442981841301,0.671102999090821,0.85850168000142,1.007345647886599
363,2022121120221218,2022,152429.568,1442.4832,13.457146485351778,13.178355821543875,12.015735915749742,11.105944919091687,0.593897734167914,0.7629144767749421,0.90845419368691,1.7764832343430021
364,2022121920221226,2022,48420.0704,5920.639999999999,13.991011117238884,13.869705621125975,11.97069633909209,11.080465728042016,0.6926224336927911,0.9910717189569591,1.188319362154705,0.9529777091181311
365,2022122720221231,2022,39808.2304,2325.1967999999997,13.737217553688142,13.477061537230895,11.823179955531899,12.033316013626388,0.294681802321059,0.33965922438878604,0.37062244550282003,0.285139505535527
